,proper_name,0.0,1.0,2.0,3.0,4.0,5.0,6.0,7.0,year,gender,party_group,government,age,speeches_count
0,Adam Afriyie,1,2,2,2,0,3,2,4,2017,Male,Conservative,True,51.0,16
16,Adam Holloway,7,0,2,1,0,1,1,0,2017,Male,Conservative,True,52.0,12
28,Adrian Bailey,3,3,1,8,1,2,3,8,2017,Male,Labour,False,71.0,29
57,Afzal Khan,5,2,3,8,3,10,4,2,2017,Male,Labour,False,59.0,37
94,Alan Brown,33,8,19,57,11,14,17,55,2017,Male,SNP,False,46.0,214
308,Alan Campbell,0,1,2,1,0,0,0,0,2017,Male,Labour,False,59.0,4
312,Alan Duncan,29,1,19,42,4,58,1,4,2017,Male,Conservative,True,59.0,158
470,Alan Haselhurst,5,0,1,0,1,1,5,0,2017,Male,Conservative,True,79.0,13
483,Alan Johnson,0,0,0,0,0,1,0,0,2017,Male,Labour,False,66.0,1
484,Alan Mak,0,3,3,3,6,7,3,22,2017,Male,Conservative,True,33.0,47
531,Alan Whitehead,1,1,5,3,0,1,6,8,2017,Male,Labour,False,66.0,25
556,Alasdair McDonnell,10,0,1,11,0,0,0,0,2017,Male,Other,False,67.0,22
578,Albert Owen,13,1,12,25,1,2,8,4,2017,Male,Labour,False,57.0,66
644,Alberto Costa,5,0,3,13,0,2,2,4,2017,Male,Conservative,True,45.0,29
673,Alec Shelbrooke,9,1,3,6,2,5,6,1,2017,Male,Conservative,True,41.0,33
706,Alex Burghart,20,5,7,7,8,4,12,12,2017,Male,Conservative,True,39.0,75
781,Alex Chalk,23,9,17,20,11,16,7,18,2017,Male,Conservative,True,40.0,121
902,Alex Cunningham,19,9,9,7,8,6,6,20,2017,Male,Labour,False,61.0,84
986,Alex Norris,7,3,0,4,3,7,4,3,2017,Male,Labour,False,33.0,31
1017,Alex Salmond,24,0,25,34,1,6,0,2,2017,Male,SNP,False,62.0,92
1109,Alex Sobel,5,5,3,3,0,4,5,4,2017,Male,Labour,False,42.0,29
1138,Alison McGovern,18,6,5,16,0,15,7,16,2017,Female,Labour,False,36.0,83
1221,Alison Thewliss,28,6,20,23,9,22,22,9,2017,Female,SNP,False,34.0,139
1360,Alistair Burt,31,1,27,58,5,170,1,0,2017,Male,Conservative,True,61.0,293
1653,Alistair Carmichael,17,2,21,22,6,6,8,9,2017,Male,Liberal Democrat,False,51.0,91
1744,Alister Jack,0,0,0,8,1,1,2,5,2017,Male,Conservative,True,54.0,17
1761,Alok Sharma,13,15,36,7,22,43,59,7,2017,Male,Conservative,True,49.0,202
1963,Alun Cairns,0,2,10,79,2,3,20,12,2017,Male,Conservative,True,46.0,128
2091,Amanda Milling,4,8,3,7,9,11,27,11,2017,Female,Conservative,True,41.0,80
2171,Amanda Solloway,0,0,1,2,10,2,8,5,2017,Female,Conservative,True,55.0,28
2199,Amber Rudd,78,37,32,32,48,87,14,3,2017,Female,Conservative,True,53.0,331
2530,Andrea Jenkyns,0,1,0,1,3,0,0,0,2017,Female,Conservative,True,42.0,5
2535,Andrea Leadsom,203,30,221,76,155,76,143,55,2017,Female,Conservative,True,53.0,959
3494,Andrew Bingham,1,1,0,1,4,1,7,2,2017,Male,Conservative,True,54.0,17
3511,Andrew Bowie,5,1,2,14,2,10,9,8,2017,Male,Conservative,True,30.0,51
3562,Andrew Bridgen,10,5,6,13,5,2,9,14,2017,Male,Conservative,True,52.0,64
3626,Andrew Griffiths,1,0,0,0,0,0,0,0,2017,Male,Conservative,True,47.0,1
3627,Andrew Gwynne,10,8,10,6,2,0,6,4,2017,Male,Labour,False,42.0,46
3673,Andrew Jones,6,3,28,2,20,3,68,23,2017,Male,Conservative,True,53.0,153
3826,Andrew Lewer,1,0,0,2,0,0,3,2,2017,Male,Conservative,True,46.0,8
3834,Andrew Mitchell,5,0,7,0,0,29,2,3,2017,Male,Conservative,True,60.0,46
3880,Andrew Murrison,19,6,22,28,16,10,5,8,2017,Male,Conservative,True,55.0,114
3994,Andrew Percy,12,5,9,10,1,9,32,2,2017,Male,Conservative,True,39.0,80
4074,Andrew Rosindell,0,0,0,3,5,4,1,3,2017,Male,Conservative,True,50.0,16
4090,Andrew Selous,7,14,2,3,37,0,13,8,2017,Male,Conservative,True,54.0,84
4174,Andrew Smith,1,0,0,0,0,0,0,0,2017,Male,Labour,False,66.0,1
4175,Andrew Stephenson,1,2,3,3,8,8,8,5,2017,Male,Conservative,True,35.0,38
4213,Andrew Turner,1,1,4,3,2,3,2,4,2017,Male,Conservative,True,63.0,20
4233,Andrew Tyrie,1,1,3,12,0,1,0,8,2017,Male,Conservative,True,60.0,26
4259,Andy Burnham,26,10,11,6,2,0,26,1,2017,Male,Labour,False,47.0,82
4341,Andy McDonald,9,1,16,6,5,0,28,6,2017,Male,Labour,False,58.0,71
4412,Andy Slaughter,20,5,16,9,2,13,29,0,2017,Male,Labour,False,56.0,94
4506,Angela Crawley,3,1,3,4,1,2,3,4,2017,Female,SNP,False,29.0,21
4527,Angela Eagle,23,8,9,17,4,0,2,13,2017,Female,Labour,False,55.0,76
4603,Angela Rayner,17,54,12,6,1,0,0,2,2017,Female,Labour,False,36.0,92
4695,Angela Smith,7,2,18,27,4,3,10,4,2017,Female,Labour,False,55.0,75
4770,Angela Watkinson,0,1,0,0,0,0,1,0,2017,Female,Conservative,True,75.0,2
4772,Angus MacNeil,20,3,25,63,2,1,5,11,2017,Male,SNP,False,46.0,130
4902,Angus Robertson,11,2,1,28,1,2,1,2,2017,Male,SNP,False,47.0,48
4950,Ann Clwyd,6,0,2,6,0,10,0,0,2017,Female,Labour,False,79.0,24
4974,Ann Coffey,0,0,0,0,0,1,2,0,2017,Female,Labour,False,70.0,3
4977,Anna McMorrin,10,3,4,16,3,2,3,6,2017,Female,Labour,False,46.0,47
5024,Anna Soubry,96,10,58,83,6,7,13,10,2017,Female,Conservative,True,60.0,283
5307,Anna Turley,7,2,0,1,3,1,2,2,2017,Female,Labour,False,38.0,18
5325,Anne Main,27,1,4,10,7,4,9,2,2017,Female,Conservative,True,59.0,64
5389,Anne Marie Morris,1,0,0,0,5,0,5,2,2017,Female,Other,False,59.0,13
5402,Anne McLaughlin,1,0,0,0,2,2,0,1,2017,Female,SNP,False,50.0,6
5408,Anne Milton,6,16,2,0,10,0,5,2,2017,Female,Conservative,True,61.0,41
5449,Anne-Marie Trevelyan,13,6,3,3,16,15,2,3,2017,Female,Conservative,True,47.0,61
5510,Anneliese Dodds,5,1,5,8,0,0,6,15,2017,Female,Labour,False,39.0,40
5550,Antoinette Sandbach,11,8,28,17,7,5,7,15,2017,Female,Conservative,True,47.0,98
5648,Bambos Charalambous,2,7,3,5,2,4,3,7,2017,Male,Labour,False,49.0,33
5681,Barbara Keeley,6,23,5,3,14,0,1,1,2017,Female,Labour,False,64.0,53
5734,Barry Gardiner,3,0,3,18,0,1,0,9,2017,Male,Labour,False,59.0,34
5768,Barry Sheerman,54,22,3,29,12,13,19,11,2017,Male,Labour,False,76.0,163
5931,Ben Bradley,3,0,0,3,0,0,6,3,2017,Male,Conservative,True,27.0,15
5946,Ben Bradshaw,21,6,9,37,7,19,1,5,2017,Male,Labour,False,56.0,105
6051,Ben Gummer,22,1,20,1,19,3,3,3,2017,Male,Conservative,True,38.0,72
6123,Ben Howlett,2,3,6,12,8,9,12,2,2017,Male,Conservative,True,30.0,54
6177,Ben Lake,0,1,2,8,2,4,5,0,2017,Male,Other,False,24.0,22
6199,Ben Wallace,13,13,38,3,6,35,0,7,2017,Male,Conservative,True,46.0,115
6314,Bernard Jenkin,46,6,77,42,7,3,0,2,2017,Male,Conservative,True,57.0,183
6497,Bill Cash,17,1,74,63,0,2,4,0,2017,Male,Conservative,True,76.0,161
6658,Bill Esterson,7,3,10,14,3,1,8,10,2017,Male,Labour,False,50.0,56
6714,Bill Grant,4,0,2,5,0,1,4,4,2017,Male,Conservative,True,65.0,20
6734,Bill Wiggin,11,1,4,2,1,2,3,0,2017,Male,Conservative,True,50.0,24
6758,Bim Afolami,8,1,6,5,1,1,4,15,2017,Male,Conservative,True,31.0,41
6799,Bob Blackman,26,18,26,17,24,32,34,14,2017,Male,Conservative,True,60.0,191
6990,Bob Neill,26,4,60,47,30,2,8,11,2017,Male,Conservative,True,64.0,188
7178,Bob Seely,7,0,7,2,0,6,3,3,2017,Male,Conservative,True,51.0,28
7206,Bob Stewart,40,4,7,10,6,20,2,6,2017,Male,Conservative,True,67.0,95
7301,Boris Johnson,169,1,43,120,4,235,2,18,2017,Male,Conservative,True,52.0,592
7893,Brandon Lewis,26,50,23,54,23,29,9,2,2017,Male,Conservative,True,45.0,216
8109,Brendan O'Hara,3,0,6,19,1,14,4,7,2017,Male,SNP,False,53.0,54
8163,Bridget Phillipson,3,3,18,1,12,2,2,2,2017,Female,Labour,False,33.0,43
8206,Byron Davies,2,0,0,1,0,2,4,1,2017,Male,Conservative,True,64.0,10
8216,Callum McCaig,0,0,2,4,0,1,1,11,2017,Male,SNP,False,32.0,19
8235,Calum Kerr,3,0,0,16,0,0,2,1,2017,Male,SNP,False,44.0,22
8257,Carol Monaghan,8,19,10,25,8,10,6,13,2017,Female,SNP,False,44.0,99
8356,Caroline Ansell,1,1,0,1,1,3,0,0,2017,Female,Conservative,True,46.0,7
8363,Caroline Dinenage,12,12,18,0,13,18,7,12,2017,Female,Conservative,True,45.0,92
8455,Caroline Flint,6,2,10,11,4,2,3,16,2017,Female,Labour,False,55.0,54
8509,Caroline Johnson,9,0,1,5,14,5,7,5,2017,Female,Conservative,True,39.0,46
8555,Caroline Lucas,18,8,39,39,4,8,4,15,2017,Female,Other,False,56.0,135
8690,Caroline Nokes,8,8,18,2,44,6,30,23,2017,Female,Conservative,True,44.0,139
8829,Caroline Spelman,14,7,11,3,10,41,19,3,2017,Female,Conservative,True,58.0,108
8937,Carolyn Harris,21,8,1,0,5,5,5,1,2017,Female,Labour,False,56.0,46
8983,Cat Smith,23,2,1,2,1,1,4,1,2017,Female,Labour,False,31.0,35
9018,Catherine McKinnell,3,1,6,9,3,3,7,3,2017,Female,Labour,False,40.0,35
9053,Catherine West,32,6,5,12,3,15,8,8,2017,Female,Labour,False,50.0,89
9142,Charles Walker,27,0,10,3,1,0,14,0,2017,Male,Conservative,True,49.0,55
9197,Charlie Elphicke,16,5,23,52,2,13,9,28,2017,Male,Labour,False,45.0,148
9345,Charlotte Leslie,1,0,0,0,2,3,0,0,2017,Female,Conservative,True,38.0,6
9351,Cheryl Gillan,18,2,25,10,17,7,24,8,2017,Female,Conservative,True,64.0,111
9462,Chi Onwurah,10,2,2,9,6,12,17,14,2017,Female,Labour,False,51.0,72
9534,Chloe Smith,11,0,14,33,3,5,1,9,2017,Female,Conservative,True,34.0,76
9610,Chris Bryant,146,7,81,38,7,14,14,4,2017,Male,Labour,False,55.0,311
9921,Chris Davies,7,1,6,19,5,16,20,11,2017,Male,Conservative,True,49.0,85
10006,Chris Elmore,13,5,7,15,6,8,18,3,2017,Male,Labour,False,33.0,75
10081,Chris Evans,8,0,2,5,0,10,7,6,2017,Male,Labour,False,39.0,38
10119,Chris Grayling,31,5,25,47,54,9,225,35,2017,Male,Conservative,True,54.0,431
10550,Chris Green,0,3,2,13,8,4,15,6,2017,Male,Conservative,True,43.0,51
10601,Chris Heaton-Harris,1,0,0,0,0,0,0,0,2017,Male,Conservative,True,49.0,1
10602,Chris Law,5,1,2,10,0,20,4,2,2017,Male,SNP,False,47.0,44
10646,Chris Matheson,19,5,10,14,11,10,16,15,2017,Male,Labour,False,49.0,100
10746,Chris Philp,3,3,10,10,5,1,4,7,2017,Male,Conservative,True,40.0,43
10789,Chris Ruane,3,3,1,7,1,1,1,5,2017,Male,Labour,False,58.0,22
10811,Chris Skidmore,24,4,40,22,18,6,0,2,2017,Male,Conservative,True,35.0,116
10927,Chris Stephens,28,1,20,8,14,5,12,22,2017,Male,SNP,False,43.0,110
11037,Chris White,0,0,3,1,2,5,3,7,2017,Male,Conservative,True,49.0,21
11058,Chris Williamson,3,4,0,1,1,0,6,6,2017,Male,Labour,False,60.0,21
11079,Christina Rees,4,2,1,6,5,3,6,4,2017,Female,Labour,False,62.0,31
11110,Christine Jardine,12,4,8,14,3,0,3,1,2017,Female,Liberal Democrat,False,56.0,45
11155,Christopher Chope,17,2,79,9,4,0,9,1,2017,Male,Conservative,True,69.0,121
11276,Christopher Leslie,45,4,123,106,9,4,8,18,2017,Male,Labour,False,44.0,317
11593,Christopher Pincher,1,0,1,0,2,0,0,0,2017,Male,Conservative,True,48.0,4
11597,Chuka Umunna,19,2,10,27,1,1,0,1,2017,Male,Labour,False,38.0,61
11658,Claire Perry,17,0,14,19,11,9,14,67,2017,Female,Conservative,True,52.0,151
11809,Clive Betts,7,19,23,6,7,3,30,3,2017,Male,Labour,False,67.0,98
11907,Clive Efford,11,12,8,12,2,4,19,10,2017,Male,Labour,False,58.0,78
11985,Clive Lewis,6,1,2,0,6,3,5,6,2017,Male,Labour,False,45.0,29
12014,Colin Clark,3,1,0,10,3,3,3,14,2017,Male,Conservative,True,48.0,37
12051,Colleen Fletcher,1,0,0,0,1,0,1,0,2017,Female,Labour,False,62.0,3
12054,Conor Burns,3,1,0,3,1,1,0,0,2017,Male,Conservative,True,44.0,9
12063,Conor McGinn,13,1,4,17,1,6,8,0,2017,Male,Labour,False,32.0,50
12113,Corri Wilson,1,0,1,1,4,0,1,2,2017,Female,SNP,False,51.0,10
12123,Craig Mackinlay,3,0,0,8,2,1,1,9,2017,Male,Conservative,True,50.0,24
12147,Craig Tracey,1,0,2,1,3,3,11,5,2017,Male,Conservative,True,42.0,26
12173,Craig Whittaker,3,0,4,1,1,6,11,2,2017,Male,Conservative,True,54.0,28
12201,Craig Williams,1,0,3,2,1,7,3,3,2017,Male,Conservative,True,31.0,20
12221,Crispin Blunt,9,2,9,17,6,27,1,5,2017,Male,Conservative,True,56.0,76
12297,Damian Collins,2,0,10,1,0,12,4,2,2017,Male,Conservative,True,42.0,31
12328,Damian Green,53,24,48,56,87,16,32,43,2017,Male,Conservative,True,61.0,359
12687,Damian Hinds,16,5,18,2,41,0,63,14,2017,Male,Conservative,True,47.0,159
12846,Damien Moore,1,1,1,4,3,2,3,1,2017,Male,Conservative,True,37.0,16
12862,Dan Carden,5,7,3,6,6,1,12,6,2017,Male,Labour,False,30.0,46
12908,Dan Jarvis,6,7,7,3,5,8,6,7,2017,Male,Labour,False,44.0,49
12957,Daniel Kawczynski,7,6,3,6,4,12,6,3,2017,Male,Conservative,True,44.0,47
13004,Daniel Poulter,2,1,5,5,8,1,1,3,2017,Male,Conservative,True,38.0,26
13030,Daniel Zeichner,11,4,14,15,9,2,25,5,2017,Male,Labour,False,60.0,85
13115,Danielle Rowley,8,0,3,0,2,0,7,3,2017,Female,Labour,False,27.0,23
13138,Danny Kinahan,12,2,3,20,2,4,5,0,2017,Male,Other,False,58.0,48
13186,Darren Jones,4,0,8,1,1,2,4,3,2017,Male,Labour,False,30.0,23
13209,David Amess,33,9,5,3,15,6,13,3,2017,Male,Conservative,True,64.0,87
13296,David Anderson,42,0,2,16,2,0,0,4,2017,Male,Labour,False,63.0,66
13362,David Burrowes,5,9,10,4,14,9,2,1,2017,Male,Conservative,True,47.0,54
13416,David Crausby,2,0,3,1,0,0,1,0,2017,Male,Labour,False,70.0,7
13423,David Davies,17,3,3,17,2,5,0,5,2017,Male,Conservative,True,46.0,52
13475,David Davis,164,3,186,476,8,7,13,24,2017,Male,Conservative,True,68.0,881
14356,David Drew,18,3,5,9,8,1,11,5,2017,Male,Labour,False,65.0,60
14416,David Duguid,0,0,0,13,0,0,3,3,2017,Male,Conservative,True,46.0,19
14435,David Evennett,1,0,0,0,0,0,0,0,2017,Male,Conservative,True,67.0,1
14436,David Gauke,28,19,23,12,77,0,119,37,2017,Male,Conservative,True,45.0,315
14751,David Hanson,29,12,19,30,14,10,15,13,2017,Male,Labour,False,59.0,142
14893,David Jones,6,0,44,118,2,4,5,11,2017,Male,Conservative,True,64.0,190
15083,David Lammy,18,4,5,7,3,2,4,3,2017,Male,Labour,False,44.0,46
15129,David Lidington,91,23,247,80,88,48,53,35,2017,Male,Conservative,True,60.0,665
15794,David Linden,23,4,7,16,7,7,11,7,2017,Male,SNP,False,27.0,82
15876,David Mackintosh,1,0,0,1,6,2,11,0,2017,Male,Conservative,True,37.0,21
15897,David Morris,9,5,12,4,6,2,12,6,2017,Male,Conservative,True,51.0,56
15953,David Mowat,7,9,6,0,37,0,0,5,2017,Male,Conservative,True,59.0,64
16017,David Mundell,9,3,16,91,11,3,10,19,2017,Male,Conservative,True,54.0,162
16179,David Nuttall,15,3,62,15,5,9,16,12,2017,Male,Conservative,True,54.0,137
16316,David Rutley,2,3,4,8,4,4,5,7,2017,Male,Conservative,True,55.0,37
16353,David Simpson,4,1,0,6,3,1,0,2,2017,Male,Other,False,57.0,17
16370,David Tredinnick,6,0,6,0,3,1,8,0,2017,Male,Conservative,True,67.0,24
16394,David Warburton,0,0,0,3,3,1,6,0,2017,Male,Conservative,True,51.0,13
16407,David Winnick,18,1,5,4,0,4,1,0,2017,Male,Labour,False,83.0,33
16440,Dawn Butler,10,0,5,2,1,3,1,4,2017,Female,Labour,False,47.0,26
16466,Debbie Abrahams,24,8,24,1,21,0,25,17,2017,Female,Labour,False,56.0,120
16586,Deidre Brock,9,3,13,37,4,3,2,5,2017,Female,SNP,False,55.0,76
16662,Dennis Skinner,36,2,2,3,2,3,9,5,2017,Male,Labour,False,84.0,62
16724,Derek Thomas,0,5,1,2,5,3,8,3,2017,Male,Conservative,True,44.0,27
16751,Derek Twigg,4,4,4,2,7,2,6,1,2017,Male,Labour,False,57.0,30
16781,Desmond Swayne,38,8,47,39,14,26,16,22,2017,Male,Conservative,True,60.0,210
16991,Diana Johnson,52,15,15,12,19,8,27,9,2017,Female,Labour,False,50.0,157
17148,Diane Abbott,10,9,3,5,4,14,1,2,2017,Female,Labour,False,63.0,48
17196,Dominic Grieve,36,0,143,33,5,2,0,1,2017,Male,Conservative,True,60.0,220
17416,Dominic Raab,22,6,155,44,13,2,2,10,2017,Male,Conservative,True,42.0,254
17670,Douglas Carswell,0,1,2,8,0,1,1,1,2017,Male,Other,False,45.0,14
17684,Douglas Chapman,1,0,0,1,4,5,0,0,2017,Male,SNP,False,62.0,11
17695,Douglas Ross,27,0,5,15,0,1,3,4,2017,Male,Conservative,True,34.0,55
17750,Drew Hendry,26,2,16,31,7,2,23,23,2017,Male,SNP,False,52.0,130
17880,Ed Miliband,13,0,9,12,0,9,7,1,2017,Male,Labour,False,47.0,51
17931,Ed Vaizey,17,0,8,21,0,0,5,3,2017,Male,Conservative,True,48.0,54
17985,Eddie Hughes,11,1,2,2,7,1,9,4,2017,Male,Conservative,True,48.0,37
18022,Edward Argar,6,1,5,13,2,9,9,1,2017,Male,Conservative,True,39.0,46
18068,Edward Davey,7,7,9,5,5,6,2,13,2017,Male,Liberal Democrat,False,51.0,54
18122,Edward Garnier,10,2,11,0,1,1,0,0,2017,Male,Conservative,True,64.0,25
18147,Edward Leigh,33,10,20,50,17,13,9,15,2017,Male,Conservative,True,66.0,167
18314,Edward Timpson,2,21,10,2,12,2,1,0,2017,Male,Conservative,True,43.0,50
18364,Eilidh Whiteford,2,2,3,10,2,7,1,2,2017,Female,SNP,False,47.0,29
18393,Eleanor Laing,216,1,140,2,2,5,5,1,2017,Female,Conservative,True,58.0,372
18765,Eleanor Smith,4,0,1,2,4,1,4,0,2017,Female,Labour,False,60.0,16
18781,Elizabeth Truss,20,17,26,36,122,9,10,57,2017,Female,Conservative,True,41.0,297
19078,Ellie Reeves,9,4,2,1,9,2,3,8,2017,Female,Labour,False,36.0,38
19116,Emily Thornberry,45,0,15,19,4,32,0,9,2017,Female,Labour,False,56.0,124
19240,Emma Dent Coad,6,0,0,0,0,0,5,0,2017,Female,Labour,False,62.0,11
19251,Emma Hardy,8,10,1,1,3,0,4,6,2017,Female,Labour,False,36.0,33
19284,Emma Lewell-Buck,6,7,1,1,7,3,2,6,2017,Female,Labour,False,38.0,33
19317,Emma Little Pengelly,2,1,0,15,1,0,0,0,2017,Female,Other,False,37.0,19
19336,Emma Reynolds,0,0,1,11,0,1,0,0,2017,Female,Labour,False,39.0,13
19349,Eric Pickles,4,0,1,2,0,6,0,0,2017,Male,Conservative,True,64.0,13
19362,Esther McVey,4,4,1,2,2,0,7,1,2017,Female,Conservative,True,49.0,21
19383,Fabian Hamilton,7,0,0,1,0,9,0,4,2017,Male,Labour,False,61.0,21
19404,Faisal Rashid,2,5,1,0,3,4,6,0,2017,Male,Labour,False,44.0,21
19425,Fiona Bruce,12,5,3,3,9,10,7,4,2017,Female,Conservative,True,59.0,53
19478,Fiona Mactaggart,7,6,0,1,8,8,2,4,2017,Female,Labour,False,63.0,36
19514,Fiona Onasanya,10,2,1,2,2,0,3,2,2017,Female,Labour,False,33.0,22
19536,Flick Drummond,3,0,2,1,5,9,4,4,2017,Female,Conservative,True,54.0,28
19564,Frank Field,47,0,34,5,3,0,12,3,2017,Male,Labour,False,74.0,104
19668,Gareth Johnson,5,0,1,7,1,1,1,1,2017,Male,Conservative,True,47.0,17
19685,Gareth Richard Thomas,3,23,5,0,0,0,1,4,2017,Male,Labour,False,49.0,36
19721,Gareth Snell,9,8,11,8,12,0,10,15,2017,Male,Labour,False,31.0,73
19794,Gareth Thomas,2,5,2,5,0,1,1,5,2017,Male,Labour,False,63.0,21
19815,Gary Streeter,1,0,2,1,1,2,1,1,2017,Male,Conservative,True,61.0,9
19824,Gavin Barwell,3,5,22,0,4,0,77,5,2017,Male,Conservative,True,44.0,116
19940,Gavin Newlands,16,3,13,22,10,17,5,6,2017,Male,SNP,False,36.0,92
20032,Gavin Robinson,3,0,2,22,2,0,2,0,2017,Male,Other,False,32.0,31
20063,Gavin Shuker,3,3,3,2,2,5,7,5,2017,Male,Labour,False,35.0,30
20093,Gavin Williamson,9,0,3,1,3,17,0,0,2017,Male,Conservative,True,41.0,33
20126,Geoffrey Clifton-Brown,2,13,8,10,2,4,3,7,2017,Male,Conservative,True,63.0,49
20175,Geoffrey Cox,5,0,19,3,1,1,0,0,2017,Male,Conservative,True,56.0,29
20204,Geoffrey Robinson,7,0,4,5,0,0,2,0,2017,Male,Labour,False,78.0,18
20222,George Eustice,0,0,8,63,14,3,16,38,2017,Male,Conservative,True,45.0,142
20364,George Freeman,3,0,2,7,0,1,0,4,2017,Male,Conservative,True,49.0,17
20381,George Howarth,33,4,21,8,2,3,3,3,2017,Male,Labour,False,67.0,77
20458,George Kerevan,7,2,11,13,2,10,4,37,2017,Male,SNP,False,67.0,86
20544,George Osborne,1,0,0,3,0,1,1,0,2017,Male,Conservative,True,45.0,6
20550,Geraint Davies,8,0,17,33,1,3,7,17,2017,Male,Labour,False,56.0,86
20636,Gerald Howarth,23,1,10,14,1,11,0,2,2017,Male,Conservative,True,69.0,62
20698,Gerald Jones,4,4,3,10,5,8,8,2,2017,Male,Labour,False,46.0,44
20742,Gerard Killen,5,1,1,3,0,1,4,4,2017,Male,Labour,False,31.0,19
20761,Giles Watling,3,2,1,2,0,0,4,1,2017,Male,Conservative,True,64.0,13
20774,Gill Furniss,2,2,2,2,1,4,5,10,2017,Female,Labour,False,59.0,28
20802,Gillian Keegan,1,0,2,0,2,1,2,4,2017,Female,Conservative,True,,12
20814,Gisela Stuart,3,1,1,7,0,2,1,0,2017,Female,Labour,False,61.0,15
20829,Gloria De Piero,2,3,3,3,1,0,3,4,2017,Female,Labour,False,44.0,19
20848,Glyn Davies,1,0,1,3,3,1,1,0,2017,Male,Conservative,True,72.0,10
20858,Gordon Henderson,1,0,0,0,1,0,1,0,2017,Male,Conservative,True,69.0,3
20861,Gordon Marsden,11,21,18,0,2,1,2,1,2017,Male,Labour,False,63.0,56
20917,Graham Allen,1,0,0,0,0,0,0,0,2017,Male,Labour,False,64.0,1
20918,Graham Brady,0,1,0,0,0,0,1,1,2017,Male,Conservative,True,49.0,3
20921,Graham Evans,4,2,2,0,8,4,2,10,2017,Male,Conservative,True,53.0,32
20953,Graham Jones,10,5,12,7,3,36,8,3,2017,Male,Labour,False,50.0,84
21037,Graham Stringer,7,0,6,6,1,1,12,7,2017,Male,Labour,False,67.0,40
21077,Graham Stuart,0,0,1,0,0,0,0,0,2017,Male,Conservative,True,55.0,1
21078,Grahame Morris,27,0,11,3,6,3,14,7,2017,Male,Labour,False,56.0,71
21149,Greg Clark,15,10,61,82,44,2,60,215,2017,Male,Conservative,True,49.0,489
21638,Greg Hands,6,0,3,30,2,9,0,9,2017,Male,Conservative,True,51.0,59
21697,Greg Knight,7,0,10,5,4,1,8,3,2017,Male,Conservative,True,67.0,38
21735,Greg Mulholland,23,3,10,3,3,4,9,2,2017,Male,Liberal Democrat,False,46.0,57
21792,Gregory Campbell,7,1,3,14,5,6,3,0,2017,Male,Other,False,63.0,39
21831,Guto Bebb,4,2,6,46,5,0,36,14,2017,Male,Conservative,True,48.0,113
21944,Guy Opperman,10,2,15,0,9,0,3,17,2017,Male,Conservative,True,52.0,56
22000,Hannah Bardell,39,1,20,40,4,12,11,13,2017,Female,SNP,False,33.0,140
22140,Harriet Harman,8,2,2,6,4,1,1,0,2017,Female,Labour,False,66.0,24
22164,Harriett Baldwin,9,1,4,2,20,31,6,13,2017,Female,Conservative,True,56.0,86
22250,Heidi Alexander,7,3,6,31,5,0,4,2,2017,Female,Labour,False,41.0,58
22308,Heidi Allen,21,8,6,12,5,11,11,2,2017,Female,Conservative,True,42.0,76
22384,Helen Goodman,30,10,57,47,5,12,12,19,2017,Female,Labour,False,59.0,192
22576,Helen Grant,0,1,1,0,0,2,0,0,2017,Female,Conservative,True,56.0,4
22580,Helen Hayes,2,13,3,7,3,7,16,1,2017,Female,Labour,False,42.0,52
22632,Helen Jones,2,2,2,1,5,1,2,1,2017,Female,Labour,False,62.0,16
22648,Helen Whately,6,2,9,8,37,6,22,16,2017,Female,Conservative,True,40.0,106
22754,Henry Bellingham,13,1,10,9,10,10,9,4,2017,Male,Conservative,True,61.0,66
22820,Henry Smith,4,8,5,21,13,12,14,5,2017,Male,Conservative,True,47.0,82
22902,Hilary Benn,6,1,27,42,0,8,4,0,2017,Male,Labour,False,63.0,88
22990,Holly Lynch,8,11,1,3,4,7,4,2,2017,Female,Labour,False,30.0,40
23030,Hugh Gaffney,11,0,1,1,0,1,2,6,2017,Male,Labour,False,53.0,22
23052,Hugo Swire,15,2,8,29,3,21,5,4,2017,Male,Conservative,True,57.0,87
23139,Huw Merriman,19,14,12,14,14,2,24,9,2017,Male,Conservative,True,43.0,108
23247,Hywel Williams,8,0,10,30,1,2,5,3,2017,Male,Other,False,63.0,59
23306,Iain Duncan Smith,33,1,32,40,1,1,11,4,2017,Male,Conservative,True,62.0,123
23429,Iain Stewart,7,1,9,2,6,3,8,4,2017,Male,Conservative,True,44.0,40
23469,Iain Wright,3,1,6,2,0,0,2,21,2017,Male,Labour,False,44.0,35
23504,Ian Austin,11,4,2,1,3,14,6,3,2017,Male,Labour,False,51.0,44
23548,Ian Blackford,54,2,21,71,4,7,5,40,2017,Male,SNP,False,55.0,204
23752,Ian Lavery,0,0,1,1,0,0,0,0,2017,Male,Labour,False,54.0,2
23754,Ian Liddell-Grainger,11,0,1,1,0,1,7,0,2017,Male,Conservative,True,58.0,21
23775,Ian Lucas,16,3,7,11,7,2,22,10,2017,Male,Labour,False,56.0,78
23853,Ian Mearns,12,6,21,2,4,5,22,4,2017,Male,Labour,False,59.0,76
23929,Ian Murray,42,2,35,74,4,6,8,6,2017,Male,Labour,False,40.0,177
24106,Ian Paisley Jr,28,1,20,66,1,8,1,9,2017,Male,Other,False,50.0,134
24240,Imran Hussain,3,6,5,0,5,17,3,1,2017,Male,Labour,False,38.0,40
24280,Ivan Lewis,1,1,1,3,0,0,4,2,2017,Male,Conservative,True,49.0,12
24292,Jack Brereton,0,1,0,1,2,0,6,6,2017,Male,Conservative,True,26.0,16
24308,Jack Dromey,14,14,1,3,0,3,5,9,2017,Male,Labour,False,68.0,49
24357,Jack Lopresti,2,0,3,4,2,14,0,1,2017,Male,Conservative,True,47.0,26
24383,Jackie Doyle-Price,22,10,16,8,90,1,2,0,2017,Female,Conservative,True,47.0,149
24532,Jacob Rees-Mogg,42,1,65,38,1,1,3,21,2017,Male,Conservative,True,47.0,172
24704,Jake Berry,8,8,1,17,6,7,33,6,2017,Male,Conservative,True,38.0,86
24790,James Berry,7,5,2,9,6,17,8,0,2017,Male,Conservative,True,33.0,54
24844,James Brokenshire,20,2,41,230,19,11,1,1,2017,Male,Conservative,True,49.0,325
25169,James Cartlidge,21,9,21,19,6,4,11,51,2017,Male,Conservative,True,42.0,142
25311,James Cleverly,23,1,9,17,8,7,3,13,2017,Male,Conservative,True,47.0,81
25392,James Davies,0,2,0,2,4,3,3,5,2017,Male,Conservative,True,36.0,19
25411,James Duddridge,7,4,4,9,7,20,6,4,2017,Male,Conservative,True,45.0,61
25472,James Frith,4,2,0,1,4,0,1,2,2017,Male,Labour,False,40.0,14
25486,James Gray,13,1,1,1,2,13,2,1,2017,Male,Conservative,True,62.0,34
25520,James Heappey,14,6,12,13,6,7,16,12,2017,Male,Conservative,True,35.0,86
25606,James Morris,0,2,1,11,7,6,10,3,2017,Male,Conservative,True,49.0,40
25646,James Wharton,1,0,1,1,2,8,0,2,2017,Male,Conservative,True,32.0,15
25661,Jamie Stone,19,1,10,8,0,2,7,4,2017,Male,Liberal Democrat,False,63.0,51
25712,Jane Ellison,10,8,18,10,23,0,4,51,2017,Female,Conservative,True,52.0,124
25836,Jason McCartney,4,2,1,2,5,4,10,3,2017,Male,Conservative,True,48.0,31
25867,Jeff Smith,11,10,7,9,10,1,4,3,2017,Male,Labour,False,54.0,55
25922,Jeffrey Donaldson,16,0,2,26,0,13,0,0,2017,Male,Other,False,54.0,57
25979,Jenny Chapman,17,2,25,36,6,0,2,3,2017,Female,Labour,False,43.0,91
26070,Jeremy Corbyn,66,43,2,25,16,9,18,39,2017,Male,Labour,False,67.0,218
26288,Jeremy Hunt,82,38,13,12,274,2,5,22,2017,Male,Conservative,True,50.0,448
26736,Jeremy Lefroy,5,2,5,22,15,20,17,15,2017,Male,Conservative,True,57.0,101
26837,Jeremy Quin,9,6,11,8,8,3,7,16,2017,Male,Conservative,True,48.0,68
26905,Jeremy Wright,28,0,40,8,7,17,0,0,2017,Male,Conservative,True,44.0,100
27005,Jess Phillips,25,3,7,3,2,4,1,1,2017,Female,Labour,False,35.0,46
27051,Jesse Norman,6,1,12,8,10,2,27,26,2017,Male,Conservative,True,54.0,92
27143,Jessica Morden,6,0,1,2,2,4,7,3,2017,Female,Labour,False,48.0,25
27168,Jim Cunningham,42,25,15,19,16,20,11,19,2017,Male,Labour,False,75.0,167
27335,Jim Dowd,1,0,0,3,0,0,0,0,2017,Male,Labour,False,65.0,4
27339,Jim Fitzpatrick,15,2,6,1,2,2,8,0,2017,Male,Labour,False,64.0,36
27375,Jim McMahon,32,17,15,5,5,0,13,11,2017,Male,Labour,False,36.0,98
27473,Jim Shannon,72,8,19,59,38,59,16,17,2017,Male,Other,False,61.0,288
27761,Jo Churchill,13,9,7,17,17,4,44,10,2017,Female,Conservative,True,52.0,121
27882,Jo Johnson,9,81,26,23,19,1,4,29,2017,Male,Conservative,True,45.0,192
28074,Jo Platt,2,3,2,0,0,2,7,1,2017,Female,Labour,False,44.0,17
28091,Jo Stevens,9,6,8,10,3,3,8,5,2017,Female,Labour,False,50.0,52
28143,Jo Swinson,9,1,6,6,3,20,4,5,2017,Female,Liberal Democrat,False,37.0,54
28197,Joan Ryan,8,8,2,3,3,19,5,5,2017,Female,Labour,False,61.0,53
28250,Joanna Cherry,42,0,85,89,3,16,7,8,2017,Female,SNP,False,50.0,250
28500,John Baron,3,2,10,30,4,3,0,1,2017,Male,Conservative,True,57.0,53
28553,John Bercow,1371,14,712,40,18,48,60,13,2017,Male,Conservative,True,54.0,2276
30829,John Cryer,2,2,3,4,4,1,5,2,2017,Male,Labour,False,52.0,23
30852,John Glen,12,12,16,0,8,17,18,2,2017,Male,Conservative,True,42.0,85
30937,John Grogan,8,0,1,2,5,0,10,3,2017,Male,Labour,False,56.0,29
30966,John Hayes,36,2,68,8,26,6,51,11,2017,Male,Conservative,True,58.0,208
31174,John Healey,7,5,8,1,0,0,33,7,2017,Male,Labour,False,56.0,61
31235,John Howell,6,4,6,10,13,22,9,3,2017,Male,Conservative,True,61.0,73
31308,John Lamont,0,1,4,20,2,1,3,6,2017,Male,Conservative,True,41.0,37
31345,John Mann,15,1,9,3,5,7,5,5,2017,Male,Labour,False,57.0,50
31395,John McDonnell,15,11,1,3,2,0,2,63,2017,Male,Labour,False,65.0,97
31492,John McNally,1,0,1,4,4,0,0,5,2017,Male,SNP,False,66.0,15
31507,John Nicolson,3,0,3,10,0,3,0,0,2017,Male,SNP,False,55.0,19
31526,John Penrose,4,0,7,4,0,0,2,13,2017,Male,Conservative,True,52.0,30
31556,John Pugh,2,4,8,1,3,2,8,4,2017,Male,Liberal Democrat,False,68.0,32
31588,John Redwood,35,8,51,87,2,1,9,44,2017,Male,Conservative,True,65.0,237
31825,John Spellar,12,0,9,8,0,11,7,6,2017,Male,Labour,False,69.0,53
31878,John Stevenson,0,1,2,11,2,1,5,3,2017,Male,Conservative,True,53.0,25
31903,John Whittingdale,4,0,8,10,2,3,4,1,2017,Male,Conservative,True,57.0,32
31935,John Woodcock,17,5,3,7,6,20,8,5,2017,Male,Labour,False,37.0,71
32006,Johnny Mercer,10,2,0,2,3,2,0,1,2017,Male,Conservative,True,35.0,20
32026,Jon Ashworth,33,11,10,8,23,0,1,11,2017,Male,Labour,False,38.0,97
32123,Jon Cruddas,0,1,0,0,0,1,1,0,2017,Male,Labour,False,54.0,3
32126,Jon Trickett,6,2,0,5,0,2,0,2,2017,Male,Labour,False,66.0,17
32143,Jonathan Djanogly,4,0,9,10,1,3,1,2,2017,Male,Conservative,True,51.0,30
32173,Jonathan Edwards,3,2,14,50,4,7,4,15,2017,Male,Other,False,40.0,99
32272,Jonathan Lord,0,0,0,0,0,3,0,0,2017,Male,Conservative,True,55.0,3
32275,Jonathan Reynolds,15,1,7,11,3,3,11,25,2017,Male,Labour,False,36.0,76
32351,Judith Cummins,9,9,0,0,6,4,13,3,2017,Female,Labour,False,49.0,44
32395,Julia Lopez,0,1,1,0,0,0,2,1,2017,Female,Conservative,True,33.0,5
32400,Julian Brazier,7,1,3,4,3,10,6,0,2017,Male,Conservative,True,63.0,34
32434,Julian Knight,14,9,7,7,2,4,10,11,2017,Male,Conservative,True,45.0,64
32498,Julian Lewis,36,3,15,16,4,25,1,7,2017,Male,Conservative,True,65.0,107
32605,Julian Sturdy,0,1,1,1,1,0,5,0,2017,Male,Conservative,True,45.0,9
32614,Julie Cooper,3,12,0,0,4,3,1,2,2017,Female,Labour,False,56.0,25
32639,Julie Elliott,1,0,4,0,4,5,2,4,2017,Female,Labour,False,53.0,20
32659,Justin Madders,13,7,9,3,17,0,17,9,2017,Male,Labour,False,44.0,75
32734,Justin Tomlinson,10,15,3,3,28,2,10,6,2017,Male,Conservative,True,40.0,77
32811,Justine Greening,28,242,25,12,35,30,7,26,2017,Female,Conservative,True,47.0,405
33216,Karen Bradley,26,8,102,20,19,15,29,11,2017,Female,Conservative,True,46.0,230
33446,Karen Buck,4,12,4,2,3,1,31,0,2017,Female,Labour,False,58.0,57
33503,Karen Lee,7,2,3,2,5,0,5,3,2017,Female,Labour,False,58.0,27
33530,Karen Lumley,0,0,0,0,1,0,0,0,2017,Female,Conservative,True,52.0,1
33531,Karin Smyth,12,9,9,11,5,2,7,2,2017,Female,Labour,False,52.0,57
33588,Karl McCartney,5,0,4,3,2,2,5,1,2017,Male,Conservative,True,48.0,22
33610,Karl Turner,7,0,19,3,2,0,5,5,2017,Male,Labour,False,45.0,41
33651,Kate Green,11,10,25,21,30,7,30,14,2017,Female,Labour,False,56.0,148
33799,Kate Hoey,20,0,4,29,0,6,3,0,2017,Female,Labour,False,70.0,62
33861,Kate Hollern,0,3,1,1,4,1,1,0,2017,Female,Labour,False,61.0,11
33872,Kate Osamor,2,1,5,3,0,14,0,2,2017,Female,Labour,False,48.0,27
33899,Keir Starmer,17,0,70,58,2,0,1,0,2017,Male,Labour,False,54.0,148
34047,Keith Simpson,3,0,1,1,0,2,0,0,2017,Male,Conservative,True,67.0,7
34054,Keith Vaz,23,3,5,11,7,33,3,1,2017,Male,Labour,False,60.0,86
34140,Kelly Tolhurst,16,4,0,4,7,4,19,3,2017,Female,Conservative,True,38.0,57
34197,Kelvin Hopkins,6,5,7,9,9,9,6,30,2017,Male,Labour,False,75.0,81
34278,Kemi Badenoch,2,3,3,2,4,1,4,3,2017,Female,Conservative,True,37.0,22
34300,Kenneth Clarke,23,0,52,48,3,1,0,6,2017,Male,Conservative,True,76.0,133
34433,Kerry McCarthy,8,9,22,21,5,11,13,17,2017,Female,Labour,False,51.0,106
34539,Kevan Jones,41,18,20,7,8,14,9,19,2017,Male,Labour,False,52.0,136
34675,Kevin Barron,11,1,5,1,9,0,4,0,2017,Male,Labour,False,70.0,31
34706,Kevin Brennan,34,3,27,9,1,5,4,5,2017,Male,Labour,False,57.0,88
34794,Kevin Foster,42,11,70,26,19,18,75,13,2017,Male,Conservative,True,38.0,274
35068,Kevin Hollinrake,20,20,18,15,10,5,44,25,2017,Male,Conservative,True,53.0,157
35225,Khalid Mahmood,9,1,1,1,1,8,1,0,2017,Male,Labour,False,55.0,22
35247,Kirsten Oswald,12,0,5,11,2,6,2,3,2017,Female,SNP,False,44.0,41
35288,Kirstene Hair,1,0,2,2,0,1,6,0,2017,Female,Conservative,True,27.0,12
35300,Kirsty Blackman,31,2,30,14,4,2,4,76,2017,Female,SNP,False,30.0,163
35463,Kit Malthouse,23,3,17,21,4,1,9,25,2017,Male,Conservative,True,50.0,103
35566,Kris Hopkins,9,0,3,14,2,2,0,2,2017,Male,Conservative,True,53.0,32
35598,Kwasi Kwarteng,14,0,5,10,0,1,1,0,2017,Male,Conservative,True,41.0,31
35629,Laura Pidcock,18,1,3,5,2,1,10,5,2017,Female,Labour,False,29.0,45
35674,Laura Smith,3,2,1,1,3,0,4,3,2017,Female,Labour,False,,17
35691,Laurence Robertson,13,4,0,14,3,2,3,1,2017,Male,Conservative,True,58.0,40
35731,Layla Moran,10,13,1,11,0,3,3,3,2017,Female,Liberal Democrat,False,34.0,44
35775,Lee Rowley,2,0,1,0,0,0,8,4,2017,Male,Conservative,True,36.0,15
35790,Leo Docherty,3,1,3,2,0,14,0,4,2017,Male,Conservative,True,40.0,27
35817,Lesley Laird,1,0,3,1,0,0,1,2,2017,Female,Labour,False,58.0,8
35825,Liam Byrne,6,1,6,6,0,13,1,8,2017,Male,Labour,False,46.0,41
35866,Liam Fox,9,0,17,67,0,21,3,16,2017,Male,Conservative,True,55.0,133
35999,Lilian Greenwood,10,17,6,5,10,5,25,3,2017,Female,Labour,False,50.0,81
36080,Lindsay Hoyle,234,2,97,7,0,6,8,3,2017,Male,Labour,False,59.0,357
36437,Lisa Cameron,9,3,5,5,37,11,3,10,2017,Female,SNP,False,44.0,83
36520,Lisa Nandy,5,1,1,0,0,2,0,0,2017,Female,Labour,False,37.0,9
36529,Liz Kendall,4,5,6,8,3,0,0,2,2017,Female,Labour,False,45.0,28
36557,Liz McInnes,19,7,6,7,17,14,11,10,2017,Female,Labour,False,60.0,91
36648,Liz Saville-Roberts,17,2,7,23,4,3,5,7,2017,Female,Other,False,52.0,68
36716,Liz Twist,5,1,3,1,8,3,9,2,2017,Female,Labour,False,61.0,32
36748,Lloyd Russell-Moyle,18,5,15,5,4,2,8,5,2017,Male,Labour,False,30.0,62
36810,Louise Ellman,3,6,7,5,5,15,13,0,2017,Female,Labour,False,71.0,54
36864,Louise Haigh,9,12,10,5,9,7,9,6,2017,Female,Labour,False,29.0,67
36931,Luciana Berger,12,7,8,4,17,4,4,2,2017,Female,Labour,False,35.0,58
36989,Lucy Allan,9,6,4,0,6,6,7,3,2017,Female,Conservative,True,52.0,41
37030,Lucy Frazer,11,15,34,16,6,7,11,16,2017,Female,Conservative,True,44.0,116
37146,Lucy Powell,6,31,5,6,6,3,10,2,2017,Female,Labour,False,42.0,69
37215,Luke Graham,8,4,10,18,2,6,16,17,2017,Male,Conservative,True,32.0,81
37296,Luke Hall,0,0,2,4,8,9,8,3,2017,Male,Conservative,True,30.0,34
37330,Luke Pollard,11,5,3,0,4,16,6,3,2017,Male,Labour,False,37.0,48
37378,Lyn Brown,28,5,5,9,5,5,3,1,2017,Female,Labour,False,56.0,61
37439,Madeleine Moon,19,4,6,15,24,15,7,6,2017,Female,Labour,False,66.0,96
37535,Maggie Throup,2,2,5,6,15,2,12,1,2017,Female,Conservative,True,60.0,45
37580,Marcus Fysh,4,1,6,19,8,4,4,5,2017,Male,Conservative,True,46.0,51
37631,Marcus Jones,11,49,36,4,29,4,65,10,2017,Male,Conservative,True,42.0,208
37839,Margaret Beckett,3,0,2,4,0,0,0,0,2017,Female,Labour,False,74.0,9
37848,Margaret Ferrier,8,2,9,23,4,16,9,10,2017,Female,SNP,False,56.0,81
37929,Margaret Greenwood,7,11,2,4,13,1,11,9,2017,Female,Labour,False,57.0,58
37987,Margaret Hodge,7,0,2,1,0,3,0,20,2017,Female,Labour,False,72.0,33
38020,Margaret Ritchie,8,5,3,16,2,2,3,2,2017,Female,Other,False,58.0,41
38061,Margot James,14,3,58,17,48,2,18,55,2017,Female,Conservative,True,59.0,215
38276,Maria Caulfield,15,5,7,14,32,3,14,8,2017,Female,Conservative,True,43.0,98
38374,Maria Eagle,5,12,7,9,4,0,3,0,2017,Female,Labour,False,55.0,40
38414,Maria Miller,18,14,21,6,10,19,3,0,2017,Female,Conservative,True,52.0,91
38505,Marie Rimmer,1,10,2,1,6,2,4,4,2017,Female,Labour,False,69.0,30
38535,Marion Fellows,8,6,3,5,1,2,2,10,2017,Female,SNP,False,67.0,37
38572,Mark Durkan,9,0,12,26,0,1,0,1,2017,Male,Other,False,56.0,49
38621,Mark Field,11,0,6,4,1,51,3,4,2017,Male,Conservative,True,52.0,80
38701,Mark Francois,11,1,12,9,3,10,5,2,2017,Male,Conservative,True,51.0,53
38754,Mark Garnier,1,0,4,24,4,4,3,25,2017,Male,Conservative,True,53.0,65
38819,Mark Harper,56,6,78,58,10,1,7,22,2017,Male,Conservative,True,46.0,238
39057,Mark Hendrick,1,4,2,6,1,3,1,2,2017,Male,Labour,False,58.0,20
39077,Mark Lancaster,13,6,14,11,22,38,9,8,2017,Male,Conservative,True,46.0,121
39198,Mark Menzies,4,1,0,4,5,4,1,8,2017,Male,Conservative,True,45.0,27
39225,Mark Pawsey,3,5,5,5,7,3,32,12,2017,Male,Conservative,True,60.0,72
39297,Mark Prisk,1,1,3,3,3,0,1,5,2017,Male,Conservative,True,54.0,17
39314,Mark Pritchard,1,1,1,6,1,2,5,2,2017,Male,Conservative,True,50.0,19
39333,Mark Tami,11,0,1,2,3,0,1,2,2017,Male,Labour,False,54.0,20
39353,Mark Williams,0,2,3,4,0,0,4,1,2017,Male,Liberal Democrat,False,50.0,14
39367,Marsha De Cordova,2,0,3,2,10,0,3,2,2017,Female,Labour,False,41.0,22
39389,Martin Docherty,12,1,3,23,1,10,4,6,2017,Male,SNP,False,46.0,60
39449,Martin Vickers,5,2,2,17,7,2,42,8,2017,Male,Conservative,True,66.0,85
39534,Martin Whitfield,14,1,7,8,3,5,6,6,2017,Male,Labour,False,52.0,50
39584,Martyn Day,8,1,9,24,17,5,3,13,2017,Male,SNP,False,45.0,80
39664,Mary Creagh,9,9,31,29,5,8,8,10,2017,Female,Labour,False,49.0,109
39773,Mary Glindon,2,3,3,5,9,0,3,6,2017,Female,Labour,False,60.0,31
39804,Mary Robinson,0,0,1,1,8,5,13,7,2017,Female,Conservative,True,61.0,35
39839,Matt Rodda,1,1,0,0,2,3,3,0,2017,Male,Labour,False,50.0,10
39849,Matt Warman,11,9,3,18,8,4,13,11,2017,Male,Conservative,True,35.0,77
39926,Matt Western,3,5,3,2,1,0,10,8,2017,Male,Labour,False,54.0,32
39958,Matthew Hancock,13,2,34,30,7,12,50,4,2017,Male,Conservative,True,38.0,152
40110,Matthew Offord,8,3,1,9,2,4,1,0,2017,Male,Conservative,True,47.0,28
40138,Matthew Pennycook,4,1,55,26,4,2,8,3,2017,Male,Labour,False,34.0,103
40241,Meg Hillier,9,9,5,8,11,0,4,5,2017,Female,Labour,False,47.0,51
40292,Mel Stride,21,4,63,31,3,1,1,143,2017,Male,Conservative,True,55.0,267
40559,Melanie Onn,8,11,4,5,8,4,12,5,2017,Female,Labour,False,37.0,57
40616,Mhairi Black,19,1,2,1,0,0,2,2,2017,Female,SNP,False,22.0,27
40643,Michael Dugher,0,0,0,0,2,0,0,0,2017,Male,Labour,False,41.0,2
40645,Michael Ellis,7,0,20,1,2,1,2,3,2017,Male,Conservative,True,49.0,36
40681,Michael Fabricant,28,5,2,21,6,10,17,7,2017,Male,Conservative,True,66.0,96
40777,Michael Fallon,16,9,51,23,27,136,6,23,2017,Male,Conservative,True,64.0,291
41068,Michael Gove,30,3,37,51,12,7,5,17,2017,Male,Conservative,True,49.0,162
41230,Michael Tomlinson,31,22,20,17,13,15,27,6,2017,Male,Conservative,True,39.0,151
41381,Michael Weir,2,1,4,5,1,0,2,2,2017,Male,SNP,False,59.0,17
41398,Michelle Donelan,4,8,8,5,6,4,3,5,2017,Female,Conservative,True,32.0,43
41441,Michelle Thomson,0,0,0,4,0,1,1,7,2017,Female,Other,False,51.0,13
41454,Mike Amesbury,4,12,3,6,6,4,5,8,2017,Male,Labour,False,48.0,48
41502,Mike Freer,2,0,4,1,0,11,1,1,2017,Male,Conservative,True,56.0,20
41522,Mike Gapes,12,1,28,53,6,22,0,7,2017,Male,Labour,False,64.0,129
41651,Mike Hill,5,1,2,1,2,0,2,1,2017,Male,Labour,False,,14
41665,Mike Kane,3,10,3,2,6,2,12,2,2017,Male,Labour,False,48.0,40
41705,Mike Penning,25,1,7,3,2,19,1,0,2017,Male,Conservative,True,59.0,58
41763,Mike Wood (Dudley South),7,5,6,5,11,4,6,4,2017,Male,Conservative,True,40.0,48
41811,Mims Davies,36,9,7,18,27,22,30,5,2017,Female,Conservative,True,41.0,154
41965,Mohammad Yasin,10,3,1,0,2,6,4,3,2017,Male,Labour,False,45.0,29
41994,Nadhim Zahawi,5,0,0,7,0,5,0,2,2017,Male,Conservative,True,49.0,19
42013,Nadine Dorries,4,0,2,1,0,0,2,5,2017,Female,Conservative,True,59.0,14
42027,Naseem Shah,4,2,0,0,3,12,2,0,2017,Female,Labour,False,43.0,23
42050,Natalie McGarry,2,0,5,2,0,2,3,0,2017,Female,Other,False,35.0,14
42064,Natascha Engel,61,0,61,1,0,0,0,0,2017,Female,Labour,False,49.0,123
42187,Neil Carmichael (Stroud),1,3,2,6,4,0,3,4,2017,Male,Conservative,True,55.0,23
42210,Neil Coyle,6,10,8,1,6,2,6,2,2017,Male,Labour,False,38.0,41
42251,Neil Gray,32,4,18,12,7,2,16,17,2017,Male,SNP,False,30.0,108
42359,Neil O'Brien,0,1,0,0,0,0,3,7,2017,Male,Conservative,True,38.0,11
42370,Neil Parish,14,3,2,7,2,3,27,11,2017,Male,Conservative,True,60.0,69
42439,Nia Griffith,7,2,4,1,5,12,2,11,2017,Female,Labour,False,60.0,44
42483,Nic Dakin,4,21,1,5,8,3,12,11,2017,Male,Labour,False,61.0,65
42548,Nicholas Boles,1,0,0,1,0,0,1,0,2017,Male,Conservative,True,52.0,3
42551,Nicholas Soames,7,3,2,5,3,10,11,2,2017,Male,Conservative,True,68.0,43
42594,Nick Brown,0,0,5,0,0,0,0,0,2017,Male,Labour,False,66.0,5
42599,Nick Clegg,8,2,1,8,0,0,0,0,2017,Male,Liberal Democrat,False,50.0,19
42618,Nick Gibb,1,136,13,1,10,4,4,3,2017,Male,Conservative,True,56.0,172
42790,Nick Herbert,1,1,4,0,0,5,5,0,2017,Male,Conservative,True,53.0,16
42806,Nick Hurd,26,69,37,8,25,5,8,29,2017,Male,Conservative,True,54.0,207
43013,Nick Smith,14,7,6,10,9,3,11,15,2017,Male,Labour,False,57.0,75
43088,Nick Thomas-Symonds,24,3,15,22,22,14,11,9,2017,Male,Labour,False,36.0,120
43208,Nicky Morgan,12,13,19,10,5,5,2,10,2017,Female,Conservative,True,44.0,76
43284,Nicola Blackwood,2,1,5,1,29,0,1,0,2017,Female,Conservative,True,37.0,39
43323,Nigel Adams,3,0,3,1,0,1,3,0,2017,Male,Conservative,True,50.0,11
43334,Nigel Dodds,12,0,3,46,1,3,0,0,2017,Male,Other,False,58.0,65
43399,Nigel Evans,23,0,2,27,0,4,11,9,2017,Male,Conservative,True,59.0,76
43475,Nigel Huddleston,17,7,11,19,10,24,4,14,2017,Male,Conservative,True,46.0,106
43581,Nigel Mills,3,10,5,9,6,3,8,29,2017,Male,Conservative,True,42.0,73
43654,Norman Lamb,26,7,7,4,36,4,3,8,2017,Male,Liberal Democrat,False,59.0,95
43749,Nusrat Ghani,21,8,4,6,13,39,18,13,2017,Female,Conservative,True,44.0,122
43871,Oliver Colvile,15,2,1,1,8,13,3,0,2017,Male,Conservative,True,57.0,43
43914,Oliver Dowden,12,6,2,10,9,9,3,9,2017,Male,Conservative,True,38.0,60
43974,Oliver Heald,28,5,58,10,25,9,7,5,2017,Male,Conservative,True,62.0,147
44121,Oliver Letwin,21,2,129,32,1,3,3,4,2017,Male,Conservative,True,60.0,195
44316,Owen Paterson,8,1,4,28,0,1,2,1,2017,Male,Conservative,True,60.0,45
44361,Owen Smith,15,4,4,44,2,0,0,4,2017,Male,Labour,False,46.0,73
44434,Owen Thompson,0,0,2,3,0,0,1,0,2017,Male,SNP,False,39.0,6
44440,Pat Glass,6,0,1,0,2,0,0,1,2017,Female,Labour,False,60.0,10
44450,Pat McFadden,6,1,15,30,1,1,2,4,2017,Male,Labour,False,51.0,60
44510,Patricia Gibson,25,0,15,17,5,0,1,21,2017,Female,SNP,False,48.0,84
44594,Patrick Grady,55,3,37,70,7,25,14,6,2017,Male,SNP,False,36.0,217
44811,Patrick McLoughlin,0,0,1,1,0,1,0,2,2017,Male,Conservative,True,59.0,5
44816,Paul Beresford,8,0,0,0,2,1,3,0,2017,Male,Conservative,True,70.0,14
44830,Paul Blomfield,23,9,46,48,11,7,6,6,2017,Male,Labour,False,63.0,156
44986,Paul Farrelly,8,1,21,18,0,3,2,1,2017,Male,Labour,False,54.0,54
45040,Paul Flynn,49,0,11,16,7,10,7,11,2017,Male,Labour,False,81.0,111
45151,Paul Girvan,1,0,0,3,0,0,1,0,2017,Male,Other,False,54.0,5
45156,Paul Masterton,6,0,5,19,1,7,6,5,2017,Male,Conservative,True,31.0,49
45205,Paul Maynard,6,0,13,2,11,0,82,2,2017,Male,Conservative,True,41.0,116
45321,Paul Monaghan,0,0,1,4,0,5,1,3,2017,Male,SNP,False,51.0,14
45335,Paul Scully,4,2,4,6,0,17,7,2,2017,Male,Conservative,True,48.0,42
45377,Paul Sweeney,0,1,2,8,3,6,9,14,2017,Male,Labour,False,28.0,43
45420,Paul Williams,2,2,4,2,9,1,1,2,2017,Male,Labour,False,44.0,23
45443,Paula Sherriff,34,13,3,6,28,8,13,2,2017,Female,Labour,False,41.0,107
45550,Pauline Latham,31,2,5,2,5,10,10,3,2017,Female,Conservative,True,68.0,68
45618,Penny Mordaunt,17,2,7,3,102,12,8,3,2017,Female,Conservative,True,43.0,154
45772,Pete Wishart,69,0,37,35,2,4,5,0,2017,Male,SNP,False,54.0,152
45924,Peter Aldous,4,7,2,1,7,0,16,4,2017,Male,Conservative,True,55.0,41
45965,Peter Bone,67,5,43,28,10,12,13,9,2017,Male,Conservative,True,64.0,187
46152,Peter Bottomley,34,3,3,2,2,2,7,4,2017,Male,Conservative,True,72.0,57
46209,Peter Dowd,52,7,25,7,7,1,5,88,2017,Male,Labour,False,59.0,192
46401,Peter Grant,20,1,28,57,3,11,1,6,2017,Male,SNP,False,56.0,127
46528,Peter Heaton-Jones,11,2,5,0,3,1,3,1,2017,Male,Conservative,True,53.0,26
46554,Peter Kyle,13,1,5,15,2,3,5,6,2017,Male,Labour,False,46.0,50
46604,Peter Lilley,0,2,2,7,0,0,1,1,2017,Male,Conservative,True,73.0,13
46617,Phil Boswell,3,0,3,3,2,0,1,4,2017,Male,SNP,False,53.0,16
46633,Phil Wilson,1,1,0,4,1,3,4,1,2017,Male,Labour,False,57.0,15
46648,Philip Davies,78,10,92,12,10,7,19,13,2017,Male,Conservative,True,45.0,241
46889,Philip Dunne,16,14,23,11,113,0,7,2,2017,Male,Conservative,True,58.0,186
47075,Philip Hammond,30,11,37,52,15,2,20,171,2017,Male,Conservative,True,61.0,338
47413,Philip Hollobone,22,16,15,26,26,29,34,20,2017,Male,Conservative,True,52.0,188
47601,Philippa Whitford,30,7,14,21,43,7,9,8,2017,Female,SNP,False,58.0,139
47740,Phillip Lee,14,2,15,6,71,4,1,0,2017,Male,Conservative,True,46.0,113
47853,Preet Kaur Gill,1,2,1,3,2,2,1,1,2017,Female,Labour,False,44.0,13
47866,Priti Patel,2,3,6,11,19,142,4,16,2017,Female,Conservative,True,44.0,203
48069,Rachael Maskell,7,19,13,15,17,5,22,15,2017,Female,Labour,False,44.0,113
48182,Rachel Maclean,22,4,14,6,16,7,18,25,2017,Female,Conservative,True,51.0,112
48294,Rachel Reeves,3,1,4,16,2,1,10,19,2017,Female,Labour,False,37.0,56
48350,Ranil Jayawardena,3,7,4,11,3,6,15,3,2017,Male,Conservative,True,30.0,52
48402,Rebecca Harris,1,0,0,3,0,1,2,0,2017,Female,Conservative,True,49.0,7
48409,Rebecca Long-Bailey,2,2,11,8,3,0,0,36,2017,Female,Labour,False,37.0,62
48471,Rebecca Pow,22,11,8,14,21,12,35,19,2017,Female,Conservative,True,56.0,142
48613,Rehman Chishti,3,0,1,2,6,21,2,3,2017,Male,Conservative,True,38.0,38
48651,Richard Arkless,14,0,16,6,4,3,2,6,2017,Male,SNP,False,41.0,51
48702,Richard Bacon,3,0,3,1,4,3,10,2,2017,Male,Conservative,True,54.0,26
48728,Richard Benyon,6,1,4,8,1,3,3,2,2017,Male,Conservative,True,56.0,28
48756,Richard Burden,5,2,4,4,3,9,2,1,2017,Male,Labour,False,62.0,30
48786,Richard Burgon,24,0,11,0,29,1,0,1,2017,Male,Labour,False,36.0,66
48852,Richard Drax,24,6,4,19,2,5,5,3,2017,Male,Conservative,True,58.0,68
48920,Richard Fuller,10,1,3,5,1,2,2,9,2017,Male,Conservative,True,54.0,33
48953,Richard Graham,19,7,13,28,4,5,16,9,2017,Male,Conservative,True,58.0,101
49054,Richard Harrington,15,2,27,12,7,2,6,34,2017,Male,Conservative,True,59.0,105
49159,Rishi Sunak,3,8,1,7,9,3,11,6,2017,Male,Conservative,True,36.0,48
49207,Rob Marris,11,4,9,2,8,5,11,13,2017,Male,Labour,False,61.0,63
49270,Rob Wilson,0,5,2,2,4,3,4,1,2017,Male,Conservative,True,52.0,21
49291,Robert Buckland,18,4,82,12,11,21,2,1,2017,Male,Conservative,True,48.0,151
49442,Robert Courts,20,1,13,21,19,13,30,22,2017,Male,Conservative,True,38.0,139
49581,Robert Flello,2,1,3,1,2,5,2,0,2017,Male,Labour,False,51.0,16
49597,Robert Goodwill,21,79,13,8,28,23,11,4,2017,Male,Conservative,True,60.0,187
49784,Robert Halfon,6,61,14,1,5,1,8,10,2017,Male,Conservative,True,47.0,106
49890,Robert Jenrick,17,10,13,13,3,16,15,32,2017,Male,Conservative,True,35.0,119
50009,Robert Syms,6,0,1,0,0,0,0,1,2017,Male,Conservative,True,60.0,8
50017,Roberta Blackman-Woods,3,5,4,5,7,4,1,4,2017,Female,Labour,False,59.0,33
50050,Robin Walker,13,5,91,140,13,7,5,12,2017,Male,Conservative,True,38.0,286
50336,Roger Gale,9,0,6,1,0,0,0,4,2017,Male,Conservative,True,73.0,20
50356,Roger Godsiff,2,0,0,0,0,0,0,0,2017,Male,Labour,False,70.0,2
50358,Roger Mullin,12,1,7,4,1,3,0,8,2017,Male,SNP,False,68.0,36
50394,Ronnie Campbell,5,2,0,3,0,0,1,0,2017,Male,Labour,False,73.0,11
50405,Ronnie Cowan,4,0,4,6,6,0,5,5,2017,Male,SNP,False,57.0,30
50435,Rory Stewart,2,3,6,3,4,50,2,6,2017,Male,Conservative,True,44.0,76
50511,Rosena Allin-Khan,10,6,5,4,12,10,3,3,2017,Female,Labour,False,40.0,53
50564,Rosie Cooper,4,3,0,1,11,0,3,1,2017,Female,Labour,False,66.0,23
50587,Rosie Duffield,2,4,0,1,0,2,2,1,2017,Female,Labour,False,46.0,12
50599,Rosie Winterton,46,4,48,9,8,3,4,2,2017,Female,Labour,False,58.0,124
50723,Ross Thomson,8,1,7,26,1,8,5,5,2017,Male,Conservative,True,29.0,61
50784,Royston Smith,0,0,0,0,1,2,2,5,2017,Male,Conservative,True,52.0,10
50794,Rupa Huq,25,4,12,2,3,7,6,9,2017,Female,Labour,False,44.0,68
50862,Rushanara Ali,1,6,2,2,2,17,2,1,2017,Female,Labour,False,41.0,33
50895,Ruth Cadbury,12,3,6,7,10,2,16,2,2017,Female,Labour,False,57.0,58
50953,Ruth George,7,16,7,9,3,0,15,21,2017,Female,Labour,False,47.0,78
51031,Ruth Smeeth,15,2,1,0,4,10,5,8,2017,Female,Labour,False,37.0,45
51076,Sajid Javid,63,117,64,17,78,3,285,26,2017,Male,Conservative,True,47.0,653
51729,Sam Gyimah,20,2,15,0,134,8,3,1,2017,Male,Conservative,True,40.0,183
51912,Sammy Wilson,21,2,14,47,4,2,7,15,2017,Male,Other,False,63.0,112
52024,Sandy Martin,2,3,1,1,3,1,6,4,2017,Male,Labour,False,60.0,21
52045,Sarah Champion,4,4,4,0,0,8,1,1,2017,Female,Labour,False,47.0,22
52067,Sarah Jones,5,8,0,1,2,1,6,3,2017,Female,Labour,False,44.0,26
52093,Sarah Newton,19,20,16,1,62,27,0,2,2017,Female,Conservative,True,55.0,147
52240,Sarah Olney,1,4,2,4,2,0,1,1,2017,Female,Liberal Democrat,False,40.0,15
52255,Sarah Wollaston,11,3,8,15,39,2,6,3,2017,Female,Conservative,True,54.0,87
52342,Scott Mann,3,1,3,10,6,5,11,3,2017,Male,Conservative,True,39.0,42
52384,Seema Kennedy,8,0,3,8,5,10,8,1,2017,Female,Conservative,True,42.0,43
52427,Seema Malhotra,8,6,29,30,11,5,5,8,2017,Female,Labour,False,46.0,102
52529,Shabana Mahmood,2,1,0,0,1,7,0,1,2017,Female,Labour,False,36.0,12
52541,Shailesh Vara,5,1,4,19,4,6,2,3,2017,Male,Conservative,True,56.0,44
52585,Sharon Hodgson,20,1,1,2,7,1,3,5,2017,Female,Labour,False,50.0,40
52625,Sheryll Murray,4,4,6,25,5,2,11,0,2017,Female,Conservative,True,61.0,57
52682,Simon Burns,9,3,2,1,12,4,6,1,2017,Male,Conservative,True,64.0,38
52720,Simon Clarke,2,1,3,7,2,2,5,4,2017,Male,Conservative,True,32.0,26
52746,Simon Danczuk,3,1,0,0,2,11,3,1,2017,Male,Other,False,50.0,21
52767,Simon Hart,5,0,1,0,1,0,0,0,2017,Male,Conservative,True,53.0,7
52774,Simon Hoare,48,6,15,17,12,6,10,5,2017,Male,Conservative,True,47.0,119
52893,Simon Kirby,4,0,18,9,8,4,5,21,2017,Male,Conservative,True,52.0,69
52962,Siobhain McDonagh,9,8,2,1,10,5,11,0,2017,Female,Labour,False,56.0,46
53008,Stella Creasy,33,7,19,26,2,7,1,19,2017,Female,Labour,False,39.0,114
53122,Stephanie Peacock,2,6,0,0,0,1,1,0,2017,Female,Labour,False,30.0,10
53132,Stephen Barclay,3,7,7,3,2,0,7,15,2017,Male,Conservative,True,45.0,44
53176,Stephen Crabb,10,0,0,18,3,6,4,8,2017,Male,Conservative,True,44.0,49
53225,Stephen Doughty,24,6,62,64,7,33,12,15,2017,Male,Labour,False,36.0,223
53448,Stephen Gethins,21,0,22,82,5,14,3,2,2017,Male,SNP,False,40.0,149
53597,Stephen Hammond,5,2,10,16,3,2,15,12,2017,Male,Conservative,True,54.0,65
53662,Stephen Hepburn,3,3,1,1,1,0,2,2,2017,Male,Labour,False,57.0,13
53675,Stephen Kerr,22,4,28,36,7,8,17,30,2017,Male,Conservative,True,56.0,152
53827,Stephen Kinnock,9,1,6,42,1,5,7,8,2017,Male,Labour,False,47.0,79
53906,Stephen Lloyd,17,7,6,4,3,1,5,6,2017,Male,Liberal Democrat,False,60.0,49
53955,Stephen McCabe,14,9,9,7,6,3,7,11,2017,Male,Labour,False,61.0,66
54021,Stephen McPartland,1,2,0,0,3,0,3,4,2017,Male,Conservative,True,40.0,13
54034,Stephen Metcalfe,1,0,2,0,6,1,2,6,2017,Male,Conservative,True,51.0,18
54052,Stephen Morgan,1,2,0,0,0,0,0,3,2017,Male,Labour,False,36.0,6
54058,Stephen Pound,36,2,8,7,0,4,3,1,2017,Male,Labour,False,68.0,61
54119,Stephen Rotheram,1,0,5,0,0,0,0,0,2017,Male,Labour,False,55.0,6
54125,Stephen Timms,19,5,33,64,10,9,10,13,2017,Male,Labour,False,61.0,163
54288,Stephen Twigg,5,11,8,2,4,44,1,4,2017,Male,Labour,False,50.0,79
54367,Steve Brine,26,9,12,1,100,1,5,3,2017,Male,Conservative,True,43.0,157
54524,Steve Double,4,9,3,13,5,2,31,4,2017,Male,Conservative,True,50.0,71
54595,Steve Reed,7,9,5,3,10,2,3,2,2017,Male,Labour,False,53.0,41
54636,Steven Baker,38,1,153,81,12,9,6,11,2017,Male,Conservative,True,45.0,311
54947,Steven Paterson,5,0,0,12,3,2,1,3,2017,Male,SNP,False,41.0,26
54973,Stewart Hosie,3,0,10,7,0,0,3,29,2017,Male,SNP,False,54.0,52
55025,Stewart Jackson,10,5,8,0,5,5,15,9,2017,Male,Conservative,True,51.0,57
55082,Stewart McDonald,32,0,8,12,1,17,11,5,2017,Male,SNP,False,30.0,86
55168,Stuart Andrew,2,0,1,4,2,2,3,0,2017,Male,Conservative,True,45.0,14
55182,Stuart Donaldson,1,0,0,3,2,1,0,0,2017,Male,SNP,False,25.0,7
55189,Stuart McDonald,7,4,9,20,5,12,3,8,2017,Male,SNP,False,38.0,68
55257,Sue Hayman,5,1,4,9,3,0,3,3,2017,Female,Labour,False,54.0,28
55285,Suella Fernandes,7,5,16,28,4,3,3,8,2017,Female,Conservative,True,36.0,74
55359,Susan Elan Jones,17,2,4,6,1,2,8,1,2017,Female,Labour,False,48.0,41
55400,Sylvia Hermon,24,1,34,69,2,3,1,1,2017,Female,Other,False,62.0,135
55535,Tania Mathias,5,1,2,5,10,6,5,0,2017,Female,Conservative,True,52.0,34
55569,Tanmanjeet Singh Dhesi,3,2,2,8,2,4,5,4,2017,Male,Labour,False,38.0,30
55599,Tasmina Ahmed-Sheikh,19,1,4,32,2,20,2,1,2017,Female,SNP,False,46.0,81
55680,Teresa Pearce,2,0,2,0,1,0,0,1,2017,Female,Labour,False,62.0,6
55686,Thangam Debbonaire,7,3,4,11,12,10,6,1,2017,Female,Labour,False,50.0,54
55740,Thelma Walker,1,9,0,0,5,1,2,2,2017,Female,Labour,False,60.0,20
55760,Theresa May,186,115,100,775,196,177,138,125,2017,Female,Conservative,True,60.0,1812
57572,Theresa Villiers,4,4,11,15,5,15,25,11,2017,Female,Conservative,True,48.0,90
57662,Therese Coffey,1,2,12,7,14,10,40,11,2017,Female,Conservative,True,45.0,97
57759,Thomas Tugendhat,31,3,17,14,5,35,9,10,2017,Male,Conservative,True,43.0,124
57883,Tim Farron,29,0,3,34,8,9,7,6,2017,Male,Liberal Democrat,False,46.0,96
57979,Tim Loughton,35,12,16,5,6,8,5,12,2017,Male,Conservative,True,54.0,99
58078,Tobias Ellwood,26,4,16,12,21,114,9,5,2017,Male,Conservative,True,50.0,207
58285,Toby Perkins,15,2,11,7,10,10,6,9,2017,Male,Labour,False,46.0,70
58355,Tom Blenkinsop,1,0,2,3,2,4,3,4,2017,Male,Labour,False,36.0,19
58374,Tom Brake,47,9,71,88,13,34,8,19,2017,Male,Liberal Democrat,False,54.0,289
58663,Tom Elliott,5,0,4,13,1,1,2,1,2017,Male,Other,False,53.0,27
58690,Tom Pursglove,19,10,16,21,34,13,33,6,2017,Male,Conservative,True,28.0,152
58842,Tom Watson,11,1,3,3,0,1,0,0,2017,Male,Labour,False,50.0,19
58861,Tommy Sheppard,14,1,14,29,1,12,0,7,2017,Male,SNP,False,57.0,78
58939,Tonia Antoniazzi,4,0,2,1,0,0,5,3,2017,Female,Labour,False,45.0,15
58954,Tony Lloyd,15,11,4,7,7,12,11,6,2017,Male,Labour,False,67.0,73
59027,Tracey Crouch,18,6,21,2,19,24,17,2,2017,Female,Conservative,True,41.0,109
59136,Tracy Brabin,14,11,5,7,9,11,13,5,2017,Female,Labour,False,55.0,75
59211,Tristram Hunt,0,0,0,1,0,0,0,0,2017,Male,Labour,False,42.0,1
59212,Trudy Harrison,0,1,2,1,4,1,3,0,2017,Female,Conservative,True,41.0,12
59224,Tulip Siddiq,9,3,1,4,1,4,3,0,2017,Female,Labour,False,34.0,25
59249,Valerie Vaz,51,2,44,1,1,0,4,0,2017,Female,Labour,False,62.0,103
59352,Vernon Coaker,25,13,12,13,4,11,8,2,2017,Male,Labour,False,63.0,88
59440,Vicky Ford,11,5,33,36,8,8,13,22,2017,Female,Conservative,True,49.0,136
59576,Vicky Foxcroft,6,6,5,4,6,10,5,0,2017,Female,Labour,False,39.0,42
59618,Victoria Atkins,27,5,9,12,13,11,11,8,2017,Female,Conservative,True,40.0,96
59714,Victoria Borwick,0,1,6,0,5,0,2,0,2017,Female,Conservative,True,60.0,14
59728,Victoria Prentis,21,0,9,7,21,5,5,1,2017,Female,Conservative,True,45.0,69
59797,Vince Cable,2,6,5,11,2,2,0,14,2017,Male,Liberal Democrat,False,74.0,42
59839,Virendra Sharma,6,4,0,3,4,6,1,4,2017,Male,Labour,False,69.0,28
59867,Wayne David,11,3,10,13,2,3,3,5,2017,Male,Labour,False,59.0,50
59917,Wendy Morton,25,9,33,21,23,28,41,8,2017,Female,Conservative,True,49.0,188
60105,Wera Hobhouse,21,9,30,51,1,3,20,4,2017,Female,Liberal Democrat,False,57.0,139
60244,Wes Streeting,30,28,22,37,4,15,5,35,2017,Male,Labour,False,33.0,176
60420,Will Quince,11,4,3,8,15,16,9,1,2017,Male,Conservative,True,34.0,67
60487,William Wragg,5,3,5,11,2,3,8,5,2017,Male,Conservative,True,29.0,42
60529,Yasmin Qureshi,14,2,7,1,11,6,1,0,2017,Female,Labour,False,53.0,42
60571,Yvette Cooper,20,6,34,39,3,28,5,0,2017,Female,Labour,False,47.0,135
60706,Yvonne Fovargue,4,3,0,0,1,0,0,4,2017,Female,Labour,False,60.0,12
60718,Zac Goldsmith,3,0,8,6,1,8,2,6,2017,Male,Conservative,True,42.0,34
